"time","value_mem_bytes","pod"
"2021-08-03 02:10:07.466+00",1618370560,"sketchbench-zeppelin-788ddb985b-qpdkm"
"2021-08-03 02:10:24.858+00",1618440192,"sketchbench-zeppelin-788ddb985b-qpdkm"
"2021-08-03 02:10:43.11+00",1618591744,"sketchbench-zeppelin-788ddb985b-qpdkm"
"2021-08-03 02:10:56.678+00",1626714112,"sketchbench-zeppelin-788ddb985b-qpdkm"
"2021-08-03 02:11:13.601+00",1626853376,"sketchbench-zeppelin-788ddb985b-qpdkm"
"2021-08-03 02:11:31.758+00",1628340224,"sketchbench-zeppelin-788ddb985b-qpdkm"
"2021-08-03 02:11:45.091+00",1620713472,"sketchbench-zeppelin-788ddb985b-qpdkm"
"2021-08-03 02:12:01.796+00",1620901888,"sketchbench-zeppelin-788ddb985b-qpdkm"
"2021-08-03 02:12:18.682+00",1620832256,"sketchbench-zeppelin-788ddb985b-qpdkm"
"2021-08-03 02:12:34.424+00",1620942848,"sketchbench-zeppelin-788ddb985b-qpdkm"
"2021-08-03 02:12:53.035+00",1621102592,"sketchbench-zeppelin-788ddb985b-qpdkm"
"2021-08-03 02:13:09.989+00",1621151744,"sketchbench-zeppelin-788ddb985b-qpdkm"
"2021-08-03 02:13:29.864+00",1621241856,"sketchbench-zeppelin-788ddb985b-qpdkm"
"2021-08-03 02:13:48.484+00",1621463040,"sketchbench-zeppelin-788ddb985b-qpdkm"
"2021-08-03 02:14:03.425+00",1621544960,"sketchbench-zeppelin-788ddb985b-qpdkm"
"2021-08-03 02:14:20.811+00",1621598208,"sketchbench-zeppelin-788ddb985b-qpdkm"
"2021-08-03 02:14:35.229+00",1621856256,"sketchbench-zeppelin-788ddb985b-qpdkm"
"2021-08-03 02:14:52.577+00",1624100864,"sketchbench-zeppelin-788ddb985b-qpdkm"
"2021-08-03 02:15:09.13+00",1648451584,"sketchbench-zeppelin-788ddb985b-qpdkm"
"2021-08-03 02:15:21.598+00",1653870592,"sketchbench-zeppelin-788ddb985b-qpdkm"
"2021-08-03 02:15:33.695+00",1653264384,"sketchbench-zeppelin-788ddb985b-qpdkm"
"2021-08-03 02:15:52.749+00",1706127360,"sketchbench-zeppelin-788ddb985b-qpdkm"
"2021-08-03 02:16:05.764+00",1711370240,"sketchbench-zeppelin-788ddb985b-qpdkm"
"2021-08-03 02:16:24.95+00",1757601792,"sketchbench-zeppelin-788ddb985b-qpdkm"
"2021-08-03 02:16:37.66+00",1791868928,"sketchbench-zeppelin-788ddb985b-qpdkm"
"2021-08-03 02:16:51.102+00",1796825088,"sketchbench-zeppelin-788ddb985b-qpdkm"
"2021-08-03 02:17:06.795+00",1806319616,"sketchbench-zeppelin-788ddb985b-qpdkm"
"2021-08-03 02:17:19.634+00",1835241472,"sketchbench-zeppelin-788ddb985b-qpdkm"
"2021-08-03 02:17:33.154+00",1841958912,"sketchbench-zeppelin-788ddb985b-qpdkm"
"2021-08-03 02:17:51.107+00",1854410752,"sketchbench-zeppelin-788ddb985b-qpdkm"
"2021-08-03 02:18:09.329+00",1868316672,"sketchbench-zeppelin-788ddb985b-qpdkm"
"2021-08-03 02:18:26.245+00",1897189376,"sketchbench-zeppelin-788ddb985b-qpdkm"
"2021-08-03 02:18:39.87+00",1906925568,"sketchbench-zeppelin-788ddb985b-qpdkm"
"2021-08-03 02:18:53.202+00",1917255680,"sketchbench-zeppelin-788ddb985b-qpdkm"
"2021-08-03 02:19:12.999+00",1934786560,"sketchbench-zeppelin-788ddb985b-qpdkm"
"2021-08-03 02:19:29.385+00",1946521600,"sketchbench-zeppelin-788ddb985b-qpdkm"
"2021-08-03 02:19:43+00",1946882048,"sketchbench-zeppelin-788ddb985b-qpdkm"
"2021-08-03 02:19:53.881+00",1978580992,"sketchbench-zeppelin-788ddb985b-qpdkm"
"2021-08-03 02:20:03.888+00",1985888256,"sketchbench-zeppelin-788ddb985b-qpdkm"
"2021-08-03 02:20:22.078+00",1989472256,"sketchbench-zeppelin-788ddb985b-qpdkm"
"2021-08-03 02:20:41.461+00",1988710400,"sketchbench-zeppelin-788ddb985b-qpdkm"
"2021-08-03 02:20:55.798+00",1990193152,"sketchbench-zeppelin-788ddb985b-qpdkm"
"2021-08-03 02:21:14.298+00",1969840128,"sketchbench-zeppelin-788ddb985b-qpdkm"
"2021-08-03 02:21:32.479+00",1969676288,"sketchbench-zeppelin-788ddb985b-qpdkm"
"2021-08-03 02:21:47.746+00",1969721344,"sketchbench-zeppelin-788ddb985b-qpdkm"
"2021-08-03 02:22:07.025+00",1969799168,"sketchbench-zeppelin-788ddb985b-qpdkm"
"2021-08-03 02:22:20.68+00",1969803264,"sketchbench-zeppelin-788ddb985b-qpdkm"
"2021-08-03 02:22:40.002+00",1969750016,"sketchbench-zeppelin-788ddb985b-qpdkm"
"2021-08-03 02:22:54.869+00",1969860608,"sketchbench-zeppelin-788ddb985b-qpdkm"
"2021-08-03 02:23:10.801+00",1970036736,"sketchbench-zeppelin-788ddb985b-qpdkm"
"2021-08-03 02:23:23.566+00",1969901568,"sketchbench-zeppelin-788ddb985b-qpdkm"
"2021-08-03 02:23:35.125+00",1969934336,"sketchbench-zeppelin-788ddb985b-qpdkm"
"2021-08-03 02:23:50.421+00",1969991680,"sketchbench-zeppelin-788ddb985b-qpdkm"
"2021-08-03 02:24:10.212+00",1970077696,"sketchbench-zeppelin-788ddb985b-qpdkm"
"2021-08-03 02:24:22.781+00",1970229248,"sketchbench-zeppelin-788ddb985b-qpdkm"
"2021-08-03 02:24:37.784+00",1970270208,"sketchbench-zeppelin-788ddb985b-qpdkm"
"2021-08-03 02:24:53.373+00",1970294784,"sketchbench-zeppelin-788ddb985b-qpdkm"
"2021-08-03 02:25:06.106+00",1970364416,"sketchbench-zeppelin-788ddb985b-qpdkm"
"2021-08-03 02:25:18.244+00",1970417664,"sketchbench-zeppelin-788ddb985b-qpdkm"
"2021-08-03 02:25:37.013+00",1970495488,"sketchbench-zeppelin-788ddb985b-qpdkm"
"2021-08-03 02:25:50.196+00",1975730176,"sketchbench-zeppelin-788ddb985b-qpdkm"
"2021-08-03 02:26:05.557+00",1975914496,"sketchbench-zeppelin-788ddb985b-qpdkm"
"2021-08-03 02:26:22.622+00",1976000512,"sketchbench-zeppelin-788ddb985b-qpdkm"
"2021-08-03 02:26:32.892+00",1976041472,"sketchbench-zeppelin-788ddb985b-qpdkm"
"2021-08-03 02:26:45.266+00",1971023872,"sketchbench-zeppelin-788ddb985b-qpdkm"
"2021-08-03 02:26:55.991+00",1971138560,"sketchbench-zeppelin-788ddb985b-qpdkm"
"2021-08-03 02:27:15.045+00",1973477376,"sketchbench-zeppelin-788ddb985b-qpdkm"
"2021-08-03 02:27:32.752+00",1976369152,"sketchbench-zeppelin-788ddb985b-qpdkm"
"2021-08-03 02:27:50.737+00",1977634816,"sketchbench-zeppelin-788ddb985b-qpdkm"
"2021-08-03 02:28:06.115+00",1977978880,"sketchbench-zeppelin-788ddb985b-qpdkm"
"2021-08-03 02:28:23.851+00",1977741312,"sketchbench-zeppelin-788ddb985b-qpdkm"
"2021-08-03 02:28:38.59+00",1979469824,"sketchbench-zeppelin-788ddb985b-qpdkm"
"2021-08-03 02:28:54.345+00",1979404288,"sketchbench-zeppelin-788ddb985b-qpdkm"
"2021-08-03 02:29:10.597+00",1979449344,"sketchbench-zeppelin-788ddb985b-qpdkm"
"2021-08-03 02:29:24.404+00",1979543552,"sketchbench-zeppelin-788ddb985b-qpdkm"
"2021-08-03 02:29:34.831+00",1979584512,"sketchbench-zeppelin-788ddb985b-qpdkm"
"2021-08-03 02:29:46.924+00",1979670528,"sketchbench-zeppelin-788ddb985b-qpdkm"
"2021-08-03 02:29:57.064+00",1979686912,"sketchbench-zeppelin-788ddb985b-qpdkm"
"2021-08-03 02:30:13.422+00",1979748352,"sketchbench-zeppelin-788ddb985b-qpdkm"
"2021-08-03 02:30:32.239+00",1980538880,"sketchbench-zeppelin-788ddb985b-qpdkm"
"2021-08-03 02:30:50.808+00",1980190720,"sketchbench-zeppelin-788ddb985b-qpdkm"
"2021-08-03 02:31:04.73+00",2027565056,"sketchbench-zeppelin-788ddb985b-qpdkm"
"2021-08-03 02:31:14.916+00",2069127168,"sketchbench-zeppelin-788ddb985b-qpdkm"
"2021-08-03 02:31:33.048+00",2112557056,"sketchbench-zeppelin-788ddb985b-qpdkm"
"2021-08-03 02:31:43.573+00",2173181952,"sketchbench-zeppelin-788ddb985b-qpdkm"
"2021-08-03 02:32:00.514+00",2241474560,"sketchbench-zeppelin-788ddb985b-qpdkm"
"2021-08-03 02:32:14.185+00",2268442624,"sketchbench-zeppelin-788ddb985b-qpdkm"
"2021-08-03 02:32:25.298+00",2289463296,"sketchbench-zeppelin-788ddb985b-qpdkm"
"2021-08-03 02:32:39.431+00",2324975616,"sketchbench-zeppelin-788ddb985b-qpdkm"
"2021-08-03 02:32:56.573+00",1762586624,"sketchbench-zeppelin-788ddb985b-qpdkm"
"2021-08-03 02:33:12.386+00",1790496768,"sketchbench-zeppelin-788ddb985b-qpdkm"
"2021-08-03 02:33:27.816+00",1828478976,"sketchbench-zeppelin-788ddb985b-qpdkm"
"2021-08-03 02:33:40.56+00",1845788672,"sketchbench-zeppelin-788ddb985b-qpdkm"
"2021-08-03 02:34:00.399+00",1876529152,"sketchbench-zeppelin-788ddb985b-qpdkm"
"2021-08-03 02:34:15.217+00",1913044992,"sketchbench-zeppelin-788ddb985b-qpdkm"
"2021-08-03 02:34:29.846+00",1949683712,"sketchbench-zeppelin-788ddb985b-qpdkm"
"2021-08-03 02:34:42.774+00",1997795328,"sketchbench-zeppelin-788ddb985b-qpdkm"
"2021-08-03 02:34:59.674+00",2050551808,"sketchbench-zeppelin-788ddb985b-qpdkm"
"2021-08-03 02:35:18.055+00",2080288768,"sketchbench-zeppelin-788ddb985b-qpdkm"
"2021-08-03 02:35:32.408+00",2107195392,"sketchbench-zeppelin-788ddb985b-qpdkm"
"2021-08-03 02:35:49.956+00",2159468544,"sketchbench-zeppelin-788ddb985b-qpdkm"
"2021-08-03 02:36:07.158+00",2189094912,"sketchbench-zeppelin-788ddb985b-qpdkm"
"2021-08-03 02:36:26.207+00",2188804096,"sketchbench-zeppelin-788ddb985b-qpdkm"
"2021-08-03 02:36:44.044+00",2187485184,"sketchbench-zeppelin-788ddb985b-qpdkm"
"2021-08-03 02:36:54.053+00",2184953856,"sketchbench-zeppelin-788ddb985b-qpdkm"
"2021-08-03 02:37:06.421+00",2167042048,"sketchbench-zeppelin-788ddb985b-qpdkm"
"2021-08-03 02:37:25.956+00",2166898688,"sketchbench-zeppelin-788ddb985b-qpdkm"
"2021-08-03 02:37:37.583+00",2166902784,"sketchbench-zeppelin-788ddb985b-qpdkm"
"2021-08-03 02:37:54.055+00",2166927360,"sketchbench-zeppelin-788ddb985b-qpdkm"
"2021-08-03 02:38:13.528+00",2166988800,"sketchbench-zeppelin-788ddb985b-qpdkm"
"2021-08-03 02:38:26.934+00",2167021568,"sketchbench-zeppelin-788ddb985b-qpdkm"
"2021-08-03 02:38:39.398+00",2167021568,"sketchbench-zeppelin-788ddb985b-qpdkm"
"2021-08-03 02:38:52.735+00",2167033856,"sketchbench-zeppelin-788ddb985b-qpdkm"
"2021-08-03 02:39:09.419+00",2167050240,"sketchbench-zeppelin-788ddb985b-qpdkm"
"2021-08-03 02:39:20.898+00",2167189504,"sketchbench-zeppelin-788ddb985b-qpdkm"
"2021-08-03 02:39:32.272+00",2167336960,"sketchbench-zeppelin-788ddb985b-qpdkm"
"2021-08-03 02:39:45.828+00",2167148544,"sketchbench-zeppelin-788ddb985b-qpdkm"
"2021-08-03 02:40:03.243+00",2167160832,"sketchbench-zeppelin-788ddb985b-qpdkm"
"2021-08-03 02:40:16.541+00",2167169024,"sketchbench-zeppelin-788ddb985b-qpdkm"
"2021-08-03 02:40:29.868+00",2167197696,"sketchbench-zeppelin-788ddb985b-qpdkm"
"2021-08-03 02:40:43.103+00",2167226368,"sketchbench-zeppelin-788ddb985b-qpdkm"
"2021-08-03 02:41:00.609+00",2167234560,"sketchbench-zeppelin-788ddb985b-qpdkm"
"2021-08-03 02:41:16.65+00",2167263232,"sketchbench-zeppelin-788ddb985b-qpdkm"
"2021-08-03 02:41:35.32+00",2167320576,"sketchbench-zeppelin-788ddb985b-qpdkm"
"2021-08-03 02:41:47.286+00",2167382016,"sketchbench-zeppelin-788ddb985b-qpdkm"
"2021-08-03 02:42:01.255+00",2167545856,"sketchbench-zeppelin-788ddb985b-qpdkm"
"2021-08-03 02:42:14.908+00",2167455744,"sketchbench-zeppelin-788ddb985b-qpdkm"
"2021-08-03 02:42:26.341+00",2167504896,"sketchbench-zeppelin-788ddb985b-qpdkm"
"2021-08-03 02:42:41.659+00",2167676928,"sketchbench-zeppelin-788ddb985b-qpdkm"
"2021-08-03 02:42:58.225+00",2167582720,"sketchbench-zeppelin-788ddb985b-qpdkm"
"2021-08-03 02:43:15.649+00",2172067840,"sketchbench-zeppelin-788ddb985b-qpdkm"
"2021-08-03 02:43:33.71+00",2180247552,"sketchbench-zeppelin-788ddb985b-qpdkm"
"2021-08-03 02:43:44.814+00",2181042176,"sketchbench-zeppelin-788ddb985b-qpdkm"
"2021-08-03 02:43:55.28+00",2181050368,"sketchbench-zeppelin-788ddb985b-qpdkm"
"2021-08-03 02:44:12.634+00",2181472256,"sketchbench-zeppelin-788ddb985b-qpdkm"
"2021-08-03 02:44:31.023+00",2181943296,"sketchbench-zeppelin-788ddb985b-qpdkm"
"2021-08-03 02:44:42.745+00",2181746688,"sketchbench-zeppelin-788ddb985b-qpdkm"
"2021-08-03 02:44:53.751+00",2181840896,"sketchbench-zeppelin-788ddb985b-qpdkm"
"2021-08-03 02:45:08.438+00",2181890048,"sketchbench-zeppelin-788ddb985b-qpdkm"
"2021-08-03 02:45:25.531+00",2184355840,"sketchbench-zeppelin-788ddb985b-qpdkm"
"2021-08-03 02:45:36.999+00",2184409088,"sketchbench-zeppelin-788ddb985b-qpdkm"
"2021-08-03 02:45:55.005+00",2184478720,"sketchbench-zeppelin-788ddb985b-qpdkm"
"2021-08-03 02:46:07.189+00",2184511488,"sketchbench-zeppelin-788ddb985b-qpdkm"
"2021-08-03 02:46:26.886+00",2184581120,"sketchbench-zeppelin-788ddb985b-qpdkm"
"2021-08-03 02:46:38.446+00",2184622080,"sketchbench-zeppelin-788ddb985b-qpdkm"
"2021-08-03 02:46:51.1+00",2184777728,"sketchbench-zeppelin-788ddb985b-qpdkm"
"2021-08-03 02:47:04.014+00",2184785920,"sketchbench-zeppelin-788ddb985b-qpdkm"
"2021-08-03 02:47:14.542+00",2184826880,"sketchbench-zeppelin-788ddb985b-qpdkm"
"2021-08-03 02:47:29.982+00",2186727424,"sketchbench-zeppelin-788ddb985b-qpdkm"
"2021-08-03 02:47:44.27+00",2186993664,"sketchbench-zeppelin-788ddb985b-qpdkm"
"2021-08-03 02:47:56.067+00",2188156928,"sketchbench-zeppelin-788ddb985b-qpdkm"
"2021-08-03 02:48:08.625+00",2188197888,"sketchbench-zeppelin-788ddb985b-qpdkm"
"2021-08-03 02:48:26.805+00",2193195008,"sketchbench-zeppelin-788ddb985b-qpdkm"
"2021-08-03 02:48:38.397+00",2201026560,"sketchbench-zeppelin-788ddb985b-qpdkm"
"2021-08-03 02:48:51.192+00",2205782016,"sketchbench-zeppelin-788ddb985b-qpdkm"
"2021-08-03 02:49:02.481+00",2207436800,"sketchbench-zeppelin-788ddb985b-qpdkm"
"2021-08-03 02:49:15.948+00",2212556800,"sketchbench-zeppelin-788ddb985b-qpdkm"
"2021-08-03 02:49:30.459+00",2213453824,"sketchbench-zeppelin-788ddb985b-qpdkm"
"2021-08-03 02:49:46.712+00",2238754816,"sketchbench-zeppelin-788ddb985b-qpdkm"
"2021-08-03 02:50:01.446+00",2249248768,"sketchbench-zeppelin-788ddb985b-qpdkm"
"2021-08-03 02:50:19.63+00",2248900608,"sketchbench-zeppelin-788ddb985b-qpdkm"
"2021-08-03 02:50:36.344+00",2267594752,"sketchbench-zeppelin-788ddb985b-qpdkm"
"2021-08-03 02:50:52.095+00",2275950592,"sketchbench-zeppelin-788ddb985b-qpdkm"
"2021-08-03 02:51:08.309+00",2276151296,"sketchbench-zeppelin-788ddb985b-qpdkm"
"2021-08-03 02:51:18.665+00",2276241408,"sketchbench-zeppelin-788ddb985b-qpdkm"
"2021-08-03 02:51:31.985+00",2303647744,"sketchbench-zeppelin-788ddb985b-qpdkm"
"2021-08-03 02:51:46.55+00",2309025792,"sketchbench-zeppelin-788ddb985b-qpdkm"
"2021-08-03 02:51:56.811+00",2311925760,"sketchbench-zeppelin-788ddb985b-qpdkm"
"2021-08-03 02:52:10.95+00",2311397376,"sketchbench-zeppelin-788ddb985b-qpdkm"
"2021-08-03 02:52:28.034+00",2347450368,"sketchbench-zeppelin-788ddb985b-qpdkm"
"2021-08-03 02:52:46.258+00",2355249152,"sketchbench-zeppelin-788ddb985b-qpdkm"
"2021-08-03 02:53:03.441+00",2355638272,"sketchbench-zeppelin-788ddb985b-qpdkm"
"2021-08-03 02:53:20.993+00",2374582272,"sketchbench-zeppelin-788ddb985b-qpdkm"
"2021-08-03 02:53:34.094+00",2375299072,"sketchbench-zeppelin-788ddb985b-qpdkm"
"2021-08-03 02:53:45.951+00",2374897664,"sketchbench-zeppelin-788ddb985b-qpdkm"
"2021-08-03 02:54:03.231+00",2382221312,"sketchbench-zeppelin-788ddb985b-qpdkm"
"2021-08-03 02:54:22.468+00",2380431360,"sketchbench-zeppelin-788ddb985b-qpdkm"
"2021-08-03 02:54:36.465+00",2379915264,"sketchbench-zeppelin-788ddb985b-qpdkm"
"2021-08-03 02:54:52.656+00",2379939840,"sketchbench-zeppelin-788ddb985b-qpdkm"
"2021-08-03 02:55:10.997+00",2373963776,"sketchbench-zeppelin-788ddb985b-qpdkm"
"2021-08-03 02:55:25.528+00",2373898240,"sketchbench-zeppelin-788ddb985b-qpdkm"
"2021-08-03 02:55:38.467+00",2373943296,"sketchbench-zeppelin-788ddb985b-qpdkm"
"2021-08-03 02:55:49.539+00",2373951488,"sketchbench-zeppelin-788ddb985b-qpdkm"
"2021-08-03 02:56:03.612+00",2373869568,"sketchbench-zeppelin-788ddb985b-qpdkm"
"2021-08-03 02:56:18.358+00",2374062080,"sketchbench-zeppelin-788ddb985b-qpdkm"
"2021-08-03 02:56:29.59+00",2373951488,"sketchbench-zeppelin-788ddb985b-qpdkm"
"2021-08-03 02:56:46.322+00",2373980160,"sketchbench-zeppelin-788ddb985b-qpdkm"
"2021-08-03 02:56:56.642+00",2374008832,"sketchbench-zeppelin-788ddb985b-qpdkm"
"2021-08-03 02:57:08.097+00",2374021120,"sketchbench-zeppelin-788ddb985b-qpdkm"
"2021-08-03 02:57:24.858+00",2373959680,"sketchbench-zeppelin-788ddb985b-qpdkm"
"2021-08-03 02:57:44.178+00",2374627328,"sketchbench-zeppelin-788ddb985b-qpdkm"
"2021-08-03 02:57:58.278+00",2374529024,"sketchbench-zeppelin-788ddb985b-qpdkm"
"2021-08-03 02:58:09.454+00",2374541312,"sketchbench-zeppelin-788ddb985b-qpdkm"
"2021-08-03 02:58:26.43+00",2374610944,"sketchbench-zeppelin-788ddb985b-qpdkm"
"2021-08-03 02:58:38.807+00",2374483968,"sketchbench-zeppelin-788ddb985b-qpdkm"
"2021-08-03 02:58:51.5+00",2374623232,"sketchbench-zeppelin-788ddb985b-qpdkm"
"2021-08-03 02:59:08.443+00",2374537216,"sketchbench-zeppelin-788ddb985b-qpdkm"
"2021-08-03 02:59:26.891+00",2374623232,"sketchbench-zeppelin-788ddb985b-qpdkm"
"2021-08-03 02:59:41.543+00",2374692864,"sketchbench-zeppelin-788ddb985b-qpdkm"
"2021-08-03 03:00:01.262+00",2374868992,"sketchbench-zeppelin-788ddb985b-qpdkm"
"2021-08-03 03:00:13.955+00",2376286208,"sketchbench-zeppelin-788ddb985b-qpdkm"
"2021-08-03 03:00:32.07+00",2412191744,"sketchbench-zeppelin-788ddb985b-qpdkm"
"2021-08-03 03:00:47.934+00",2479284224,"sketchbench-zeppelin-788ddb985b-qpdkm"
"2021-08-03 03:01:03.29+00",2521284608,"sketchbench-zeppelin-788ddb985b-qpdkm"
"2021-08-03 03:01:16.405+00",2534760448,"sketchbench-zeppelin-788ddb985b-qpdkm"
"2021-08-03 03:01:29.727+00",2577457152,"sketchbench-zeppelin-788ddb985b-qpdkm"
"2021-08-03 03:01:42.464+00",2612715520,"sketchbench-zeppelin-788ddb985b-qpdkm"
"2021-08-03 03:01:53.191+00",2626252800,"sketchbench-zeppelin-788ddb985b-qpdkm"
"2021-08-03 03:02:10.13+00",2649698304,"sketchbench-zeppelin-788ddb985b-qpdkm"
"2021-08-03 03:02:27.473+00",2687897600,"sketchbench-zeppelin-788ddb985b-qpdkm"
"2021-08-03 03:02:43.513+00",2704740352,"sketchbench-zeppelin-788ddb985b-qpdkm"
"2021-08-03 03:03:01.232+00",1851637760,"sketchbench-zeppelin-788ddb985b-qpdkm"
"2021-08-03 03:03:18.315+00",1891221504,"sketchbench-zeppelin-788ddb985b-qpdkm"
"2021-08-03 03:03:31.664+00",1924276224,"sketchbench-zeppelin-788ddb985b-qpdkm"
"2021-08-03 03:03:45.348+00",1944387584,"sketchbench-zeppelin-788ddb985b-qpdkm"
"2021-08-03 03:04:00.079+00",1965875200,"sketchbench-zeppelin-788ddb985b-qpdkm"
"2021-08-03 03:04:14.086+00",1993207808,"sketchbench-zeppelin-788ddb985b-qpdkm"
"2021-08-03 03:04:33.155+00",2030014464,"sketchbench-zeppelin-788ddb985b-qpdkm"
"2021-08-03 03:04:47.242+00",2066296832,"sketchbench-zeppelin-788ddb985b-qpdkm"
"2021-08-03 03:04:57.493+00",2075168768,"sketchbench-zeppelin-788ddb985b-qpdkm"
"2021-08-03 03:05:10.315+00",2106368000,"sketchbench-zeppelin-788ddb985b-qpdkm"
"2021-08-03 03:05:22.957+00",2143961088,"sketchbench-zeppelin-788ddb985b-qpdkm"
"2021-08-03 03:05:39.503+00",2143760384,"sketchbench-zeppelin-788ddb985b-qpdkm"
"2021-08-03 03:05:49.754+00",2143735808,"sketchbench-zeppelin-788ddb985b-qpdkm"
"2021-08-03 03:06:00.534+00",2143498240,"sketchbench-zeppelin-788ddb985b-qpdkm"
"2021-08-03 03:06:18.134+00",2137108480,"sketchbench-zeppelin-788ddb985b-qpdkm"
"2021-08-03 03:06:36.832+00",2135453696,"sketchbench-zeppelin-788ddb985b-qpdkm"
"2021-08-03 03:06:55.502+00",2135584768,"sketchbench-zeppelin-788ddb985b-qpdkm"
"2021-08-03 03:07:14.233+00",2140536832,"sketchbench-zeppelin-788ddb985b-qpdkm"
"2021-08-03 03:07:29.405+00",2140536832,"sketchbench-zeppelin-788ddb985b-qpdkm"
"2021-08-03 03:07:43.878+00",2140553216,"sketchbench-zeppelin-788ddb985b-qpdkm"
"2021-08-03 03:07:57.625+00",2140553216,"sketchbench-zeppelin-788ddb985b-qpdkm"
"2021-08-03 03:08:17.152+00",2136006656,"sketchbench-zeppelin-788ddb985b-qpdkm"
"2021-08-03 03:08:36.91+00",2136006656,"sketchbench-zeppelin-788ddb985b-qpdkm"
"2021-08-03 03:08:54.315+00",2136064000,"sketchbench-zeppelin-788ddb985b-qpdkm"
"2021-08-03 03:09:09.693+00",2136096768,"sketchbench-zeppelin-788ddb985b-qpdkm"
"2021-08-03 03:09:22.229+00",2136113152,"sketchbench-zeppelin-788ddb985b-qpdkm"
"2021-08-03 03:09:33.652+00",2136113152,"sketchbench-zeppelin-788ddb985b-qpdkm"
"2021-08-03 03:09:49.928+00",2136133632,"sketchbench-zeppelin-788ddb985b-qpdkm"
"2021-08-03 03:10:00.056+00",2136141824,"sketchbench-zeppelin-788ddb985b-qpdkm"
"2021-08-03 03:10:18.835+00",2136174592,"sketchbench-zeppelin-788ddb985b-qpdkm"
"2021-08-03 03:10:36.587+00",2136330240,"sketchbench-zeppelin-788ddb985b-qpdkm"
"2021-08-03 03:10:48.769+00",2136330240,"sketchbench-zeppelin-788ddb985b-qpdkm"
"2021-08-03 03:11:04.161+00",2136338432,"sketchbench-zeppelin-788ddb985b-qpdkm"
"2021-08-03 03:11:19.99+00",2136350720,"sketchbench-zeppelin-788ddb985b-qpdkm"
"2021-08-03 03:11:35.277+00",2136387584,"sketchbench-zeppelin-788ddb985b-qpdkm"
"2021-08-03 03:11:49.223+00",2136858624,"sketchbench-zeppelin-788ddb985b-qpdkm"
"2021-08-03 03:12:03.378+00",2136907776,"sketchbench-zeppelin-788ddb985b-qpdkm"
"2021-08-03 03:12:16.559+00",2136928256,"sketchbench-zeppelin-788ddb985b-qpdkm"
"2021-08-03 03:12:31.022+00",2137059328,"sketchbench-zeppelin-788ddb985b-qpdkm"
"2021-08-03 03:12:47.904+00",2137014272,"sketchbench-zeppelin-788ddb985b-qpdkm"
"2021-08-03 03:13:04.091+00",2137026560,"sketchbench-zeppelin-788ddb985b-qpdkm"
"2021-08-03 03:13:17.525+00",2137026560,"sketchbench-zeppelin-788ddb985b-qpdkm"
"2021-08-03 03:13:37.205+00",2137051136,"sketchbench-zeppelin-788ddb985b-qpdkm"
"2021-08-03 03:13:54.196+00",2137096192,"sketchbench-zeppelin-788ddb985b-qpdkm"
"2021-08-03 03:14:12.326+00",2137100288,"sketchbench-zeppelin-788ddb985b-qpdkm"
"2021-08-03 03:14:24.264+00",2137120768,"sketchbench-zeppelin-788ddb985b-qpdkm"
"2021-08-03 03:14:37.269+00",2140016640,"sketchbench-zeppelin-788ddb985b-qpdkm"
"2021-08-03 03:14:57.005+00",2147823616,"sketchbench-zeppelin-788ddb985b-qpdkm"
"2021-08-03 03:15:11.417+00",2151522304,"sketchbench-zeppelin-788ddb985b-qpdkm"
"2021-08-03 03:15:30.701+00",2168434688,"sketchbench-zeppelin-788ddb985b-qpdkm"
"2021-08-03 03:15:49.817+00",2177744896,"sketchbench-zeppelin-788ddb985b-qpdkm"
"2021-08-03 03:16:08.283+00",2198007808,"sketchbench-zeppelin-788ddb985b-qpdkm"
"2021-08-03 03:16:23.745+00",2204151808,"sketchbench-zeppelin-788ddb985b-qpdkm"
"2021-08-03 03:16:35.605+00",2204516352,"sketchbench-zeppelin-788ddb985b-qpdkm"
"2021-08-03 03:16:49.879+00",2245722112,"sketchbench-zeppelin-788ddb985b-qpdkm"
"2021-08-03 03:17:08.4+00",2271461376,"sketchbench-zeppelin-788ddb985b-qpdkm"
"2021-08-03 03:17:25.457+00",2271858688,"sketchbench-zeppelin-788ddb985b-qpdkm"
"2021-08-03 03:17:41.46+00",2298437632,"sketchbench-zeppelin-788ddb985b-qpdkm"
"2021-08-03 03:17:56.18+00",2324684800,"sketchbench-zeppelin-788ddb985b-qpdkm"
"2021-08-03 03:18:06.975+00",2324537344,"sketchbench-zeppelin-788ddb985b-qpdkm"
"2021-08-03 03:18:17.125+00",2325032960,"sketchbench-zeppelin-788ddb985b-qpdkm"
"2021-08-03 03:18:30.095+00",2351034368,"sketchbench-zeppelin-788ddb985b-qpdkm"
"2021-08-03 03:18:45.709+00",2385313792,"sketchbench-zeppelin-788ddb985b-qpdkm"
"2021-08-03 03:19:01.421+00",2385829888,"sketchbench-zeppelin-788ddb985b-qpdkm"
"2021-08-03 03:19:14.714+00",2415566848,"sketchbench-zeppelin-788ddb985b-qpdkm"
"2021-08-03 03:19:32.292+00",2428067840,"sketchbench-zeppelin-788ddb985b-qpdkm"
"2021-08-03 03:19:48.509+00",2430279680,"sketchbench-zeppelin-788ddb985b-qpdkm"
"2021-08-03 03:20:02.538+00",2430173184,"sketchbench-zeppelin-788ddb985b-qpdkm"
"2021-08-03 03:20:16.127+00",2432376832,"sketchbench-zeppelin-788ddb985b-qpdkm"
"2021-08-03 03:20:28.25+00",2436468736,"sketchbench-zeppelin-788ddb985b-qpdkm"
"2021-08-03 03:20:42.27+00",2428542976,"sketchbench-zeppelin-788ddb985b-qpdkm"
"2021-08-03 03:20:52.978+00",2428547072,"sketchbench-zeppelin-788ddb985b-qpdkm"
"2021-08-03 03:21:05.118+00",2428563456,"sketchbench-zeppelin-788ddb985b-qpdkm"
"2021-08-03 03:21:16.209+00",2428579840,"sketchbench-zeppelin-788ddb985b-qpdkm"
"2021-08-03 03:21:29.014+00",2423132160,"sketchbench-zeppelin-788ddb985b-qpdkm"
"2021-08-03 03:21:45.317+00",2423152640,"sketchbench-zeppelin-788ddb985b-qpdkm"
"2021-08-03 03:21:55.694+00",2423173120,"sketchbench-zeppelin-788ddb985b-qpdkm"
"2021-08-03 03:22:11.541+00",2423447552,"sketchbench-zeppelin-788ddb985b-qpdkm"
"2021-08-03 03:22:25.199+00",2423234560,"sketchbench-zeppelin-788ddb985b-qpdkm"
"2021-08-03 03:22:35.904+00",2423128064,"sketchbench-zeppelin-788ddb985b-qpdkm"
"2021-08-03 03:22:52.785+00",2423177216,"sketchbench-zeppelin-788ddb985b-qpdkm"
"2021-08-03 03:23:12.372+00",2423246848,"sketchbench-zeppelin-788ddb985b-qpdkm"
"2021-08-03 03:23:26.978+00",2423287808,"sketchbench-zeppelin-788ddb985b-qpdkm"
"2021-08-03 03:23:44.495+00",2423455744,"sketchbench-zeppelin-788ddb985b-qpdkm"
"2021-08-03 03:24:01.464+00",2423492608,"sketchbench-zeppelin-788ddb985b-qpdkm"
"2021-08-03 03:24:13.786+00",2423287808,"sketchbench-zeppelin-788ddb985b-qpdkm"
"2021-08-03 03:24:31.773+00",2425368576,"sketchbench-zeppelin-788ddb985b-qpdkm"
"2021-08-03 03:24:45.843+00",2425270272,"sketchbench-zeppelin-788ddb985b-qpdkm"
"2021-08-03 03:25:00.408+00",2425282560,"sketchbench-zeppelin-788ddb985b-qpdkm"
"2021-08-03 03:25:12.432+00",2425307136,"sketchbench-zeppelin-788ddb985b-qpdkm"
"2021-08-03 03:25:31.228+00",2425319424,"sketchbench-zeppelin-788ddb985b-qpdkm"
"2021-08-03 03:25:43.032+00",2425364480,"sketchbench-zeppelin-788ddb985b-qpdkm"
"2021-08-03 03:25:55.547+00",2425380864,"sketchbench-zeppelin-788ddb985b-qpdkm"
"2021-08-03 03:26:05.557+00",2425397248,"sketchbench-zeppelin-788ddb985b-qpdkm"
"2021-08-03 03:26:23.055+00",2425450496,"sketchbench-zeppelin-788ddb985b-qpdkm"
"2021-08-03 03:26:40.001+00",2425458688,"sketchbench-zeppelin-788ddb985b-qpdkm"
"2021-08-03 03:26:51.249+00",2425815040,"sketchbench-zeppelin-788ddb985b-qpdkm"
"2021-08-03 03:27:10.142+00",2425573376,"sketchbench-zeppelin-788ddb985b-qpdkm"
"2021-08-03 03:27:20.49+00",2435653632,"sketchbench-zeppelin-788ddb985b-qpdkm"
"2021-08-03 03:27:30.859+00",2441736192,"sketchbench-zeppelin-788ddb985b-qpdkm"
"2021-08-03 03:27:49.636+00",2480304128,"sketchbench-zeppelin-788ddb985b-qpdkm"
"2021-08-03 03:28:01.527+00",2411978752,"sketchbench-zeppelin-788ddb985b-qpdkm"
"2021-08-03 03:28:18.659+00",2449551360,"sketchbench-zeppelin-788ddb985b-qpdkm"
"2021-08-03 03:28:31.892+00",2465103872,"sketchbench-zeppelin-788ddb985b-qpdkm"
"2021-08-03 03:28:46.377+00",2494976000,"sketchbench-zeppelin-788ddb985b-qpdkm"
"2021-08-03 03:29:00.868+00",2542542848,"sketchbench-zeppelin-788ddb985b-qpdkm"
"2021-08-03 03:29:20.041+00",2589728768,"sketchbench-zeppelin-788ddb985b-qpdkm"
"2021-08-03 03:29:31.938+00",2604396544,"sketchbench-zeppelin-788ddb985b-qpdkm"
"2021-08-03 03:29:49.751+00",2660798464,"sketchbench-zeppelin-788ddb985b-qpdkm"
"2021-08-03 03:30:05.909+00",2673463296,"sketchbench-zeppelin-788ddb985b-qpdkm"
"2021-08-03 03:30:23.928+00",2709757952,"sketchbench-zeppelin-788ddb985b-qpdkm"
"2021-08-03 03:30:33.976+00",2731106304,"sketchbench-zeppelin-788ddb985b-qpdkm"
"2021-08-03 03:30:48.616+00",2764902400,"sketchbench-zeppelin-788ddb985b-qpdkm"
"2021-08-03 03:30:59.872+00",2789822464,"sketchbench-zeppelin-788ddb985b-qpdkm"
"2021-08-03 03:31:11.89+00",2820177920,"sketchbench-zeppelin-788ddb985b-qpdkm"
"2021-08-03 03:31:26.349+00",2828132352,"sketchbench-zeppelin-788ddb985b-qpdkm"
"2021-08-03 03:31:44.093+00",2850361344,"sketchbench-zeppelin-788ddb985b-qpdkm"
"2021-08-03 03:32:03.599+00",2915880960,"sketchbench-zeppelin-788ddb985b-qpdkm"
"2021-08-03 03:32:17.296+00",2951782400,"sketchbench-zeppelin-788ddb985b-qpdkm"
"2021-08-03 03:32:37.261+00",2946785280,"sketchbench-zeppelin-788ddb985b-qpdkm"
"2021-08-03 03:32:50.286+00",2946760704,"sketchbench-zeppelin-788ddb985b-qpdkm"
"2021-08-03 03:33:01.035+00",1799188480,"sketchbench-zeppelin-788ddb985b-qpdkm"
"2021-08-03 03:33:15.755+00",1797390336,"sketchbench-zeppelin-788ddb985b-qpdkm"
"2021-08-03 03:33:26.781+00",1797001216,"sketchbench-zeppelin-788ddb985b-qpdkm"
"2021-08-03 03:33:45.661+00",1796960256,"sketchbench-zeppelin-788ddb985b-qpdkm"
"2021-08-03 03:33:58.243+00",1790132224,"sketchbench-zeppelin-788ddb985b-qpdkm"
"2021-08-03 03:34:14.086+00",1790160896,"sketchbench-zeppelin-788ddb985b-qpdkm"
"2021-08-03 03:34:33.628+00",1790226432,"sketchbench-zeppelin-788ddb985b-qpdkm"
"2021-08-03 03:34:50.419+00",1790246912,"sketchbench-zeppelin-788ddb985b-qpdkm"
